<?xml version="1.0" encoding="UTF-8" ?>
<!--======  Map XML ======-->
<!-- <!DOCTYPE Map SYSTEM "DJMap.dtd"> -->
<Map schemaVersion = "1.2" version = "1.34" creator = "john.dibella" datecreated = "2014-07-28T18:05:17Z" author = "john.dibella" datemodified = "2015-06-05T18:04:11Z">
  <MapEvents>
    <Event name = "BeforeTransformation">
      <Action name = "Execute">
        <Parameter position = "0" name = "expression"><![CDATA[N=Sources(0).Filename
Global SFileName
P=Instr(0,N,"\")
While P<>0
N=Mid(N,P+1)
P=Instr(0,N,"\")
Wend
SFileName = N

'2009-11-25 - SJD - New code for load logging
Global RecordsRead
Global RecordsWritten
Global ErrorCount

Global TimeStart 
TimeStart = Now()

Global vRecordsInFile
vRecordsInFile = 0]]></Parameter>
      </Action>
    </Event>
    <Event name = "AfterTransformation">
      <Action name = "QueryStatistic">
        <Parameter position = "0" name = "statistic name"><![CDATA[Reads]]></Parameter>
        <Parameter position = "1" name = "result variable"><![CDATA[RecordsRead]]></Parameter>
      </Action>
      <Action name = "QueryStatistic">
        <Parameter position = "0" name = "statistic name"><![CDATA[Writes]]></Parameter>
        <Parameter position = "1" name = "result variable"><![CDATA[RecordsWritten]]></Parameter>
      </Action>
      <Action name = "QueryStatistic">
        <Parameter position = "0" name = "statistic name"><![CDATA[Errors]]></Parameter>
        <Parameter position = "1" name = "result variable"><![CDATA[ErrorCount]]></Parameter>
      </Action>
      <Action name = "Execute">
        <Parameter position = "0" name = "expression"><![CDATA[Proc_SFileName = SFileName
Proc_RecLength = 0
Proc_RecordsRead = RecordsRead
Proc_SQLServer = Targets(0).Server
Proc_SQLDatabase = Targets(0).Database
Proc_SQLTable = Targets(0).Table
Proc_SQLTable = StrReplace("dbo.","",Proc_SQLTable)
Proc_SourceType = Sources(0).TypeName
Proc_SourceType = StrReplace("'","''",Proc_SourceType)
 

'Get Record Length 
For i = 1 To Sources(0).Records(0).FieldCount
   Proc_RecLength = Proc_RecLength + Sources(0).Records(0).Fields(i).length
Next


Dim objFile AS Object
Dim objFSO AS Object
Set objFSO = CreateObject("Scripting.FileSystemObject")
Set objFile = objFSO.GetFile(Sources(0).FileName)
FileLength = objFile.Size
 
'Get records expected from the number of records specified in the last record of the file
RecordsExpected = Val(vRecordsInFile)

MapName = "Provider.map.xml"  
DataGroup = "Provider"

Dim Ins AS DJImport
Set Ins = new DJImport("SQL Server 2005") 

'replace server and database in the next statement with appropriate server and client container database 
Ins.connectstring="server=dc-Alta;database=AmeriHealth" 

X = "BEGIN INSERT INTO TrackerLoadLog VALUES ('" & _
             DataGroup & "','" & Sources(0).FileName & "','" & MapName & "','" & Proc_SQLTable & "','" & Proc_SFileName & "'," & Proc_RecLength & "," & RecordsExpected & "," & Proc_RecordsRead & "," & RecordsWritten & "," & FileLength & ",'" & TimeStart & "','" & Now() & "'," & ErrorCount & ",'" & Proc_SQLServer & "','" & Proc_SQLDatabase & "','" & Proc_SourceType & "'); END; SELECT 1 AS X"
Ins.sqlstatement = X

Set Ins = Nothing
Set objFSO = Nothing
Set objFile = Nothing
]]></Parameter>
      </Action>
    </Event>
  </MapEvents>
  <MapSources>
    <MapSource name = "MapSource1">
      <MapSchema>
        <Schema connectorname = "ASCII (Delimited)" designedfor = "Source">
          <RecordLayouts>
            <RecordLayout name = "R1" length = "2376" status = "0">
              <Origin origintype = "0"/>
              <Fields>
                <Field name = "ProvID">
                  <Datatype datatype = "0" dataalias = "Text" datalength = "99" dataidentity = "no" dataautoinc = "no" datacurrency = "no" datarowversion = "no"/>
                </Field>
                <Field name = "ProvName">
                  <Datatype datatype = "0" dataalias = "Text" datalength = "99" dataidentity = "no" dataautoinc = "no" datacurrency = "no" datarowversion = "no"/>
                </Field>
                <Field name = "ProvAddr1">
                  <Datatype datatype = "0" dataalias = "Text" datalength = "99" dataidentity = "no" dataautoinc = "no" datacurrency = "no" datarowversion = "no"/>
                </Field>
                <Field name = "ProvAddr2">
                  <Datatype datatype = "0" dataalias = "Text" datalength = "99" dataidentity = "no" dataautoinc = "no" datacurrency = "no" datarowversion = "no"/>
                </Field>
                <Field name = "ProvAddr3">
                  <Datatype datatype = "0" dataalias = "Text" datalength = "99" dataidentity = "no" dataautoinc = "no" datacurrency = "no" datarowversion = "no"/>
                </Field>
                <Field name = "ProvZIP">
                  <Datatype datatype = "0" dataalias = "Text" datalength = "99" dataidentity = "no" dataautoinc = "no" datacurrency = "no" datarowversion = "no"/>
                </Field>
                <Field name = "City">
                  <Datatype datatype = "0" dataalias = "Text" datalength = "99" dataidentity = "no" dataautoinc = "no" datacurrency = "no" datarowversion = "no"/>
                </Field>
                <Field name = "State">
                  <Datatype datatype = "0" dataalias = "Text" datalength = "99" dataidentity = "no" dataautoinc = "no" datacurrency = "no" datarowversion = "no"/>
                </Field>
                <Field name = "Specialty">
                  <Datatype datatype = "0" dataalias = "Text" datalength = "99" dataidentity = "no" dataautoinc = "no" datacurrency = "no" datarowversion = "no"/>
                </Field>
                <Field name = "TaxID">
                  <Datatype datatype = "0" dataalias = "Text" datalength = "99" dataidentity = "no" dataautoinc = "no" datacurrency = "no" datarowversion = "no"/>
                </Field>
                <Field name = "MedicaidNum">
                  <Datatype datatype = "0" dataalias = "Text" datalength = "99" dataidentity = "no" dataautoinc = "no" datacurrency = "no" datarowversion = "no"/>
                </Field>
                <Field name = "GroupID">
                  <Datatype datatype = "0" dataalias = "Text" datalength = "99" dataidentity = "no" dataautoinc = "no" datacurrency = "no" datarowversion = "no"/>
                </Field>
                <Field name = "LicenseNum">
                  <Datatype datatype = "0" dataalias = "Text" datalength = "99" dataidentity = "no" dataautoinc = "no" datacurrency = "no" datarowversion = "no"/>
                </Field>
                <Field name = "NABP">
                  <Datatype datatype = "0" dataalias = "Text" datalength = "99" dataidentity = "no" dataautoinc = "no" datacurrency = "no" datarowversion = "no"/>
                </Field>
                <Field name = "NPI">
                  <Datatype datatype = "0" dataalias = "Text" datalength = "99" dataidentity = "no" dataautoinc = "no" datacurrency = "no" datarowversion = "no"/>
                </Field>
                <Field name = "PRPREntity">
                  <Datatype datatype = "0" dataalias = "Text" datalength = "99" dataidentity = "no" dataautoinc = "no" datacurrency = "no" datarowversion = "no"/>
                </Field>
                <Field name = "AddrSeq">
                  <Datatype datatype = "0" dataalias = "Text" datalength = "99" dataidentity = "no" dataautoinc = "no" datacurrency = "no" datarowversion = "no"/>
                </Field>
                <Field name = "Phone">
                  <Datatype datatype = "0" dataalias = "Text" datalength = "99" dataidentity = "no" dataautoinc = "no" datacurrency = "no" datarowversion = "no"/>
                </Field>
                <Field name = "Fax">
                  <Datatype datatype = "0" dataalias = "Text" datalength = "99" dataidentity = "no" dataautoinc = "no" datacurrency = "no" datarowversion = "no"/>
                </Field>
                <Field name = "AddrEffDat">
                  <Datatype datatype = "0" dataalias = "Text" datalength = "99" dataidentity = "no" dataautoinc = "no" datacurrency = "no" datarowversion = "no"/>
                </Field>
                <Field name = "AddrTermDt">
                  <Datatype datatype = "0" dataalias = "Text" datalength = "99" dataidentity = "no" dataautoinc = "no" datacurrency = "no" datarowversion = "no"/>
                </Field>
                <Field name = "SecondarySpecialty">
                  <Datatype datatype = "0" dataalias = "Text" datalength = "99" dataidentity = "no" dataautoinc = "no" datacurrency = "no" datarowversion = "no"/>
                </Field>
                <Field name = "PrcpID">
                  <Datatype datatype = "0" dataalias = "Text" datalength = "99" dataidentity = "no" dataautoinc = "no" datacurrency = "no" datarowversion = "no"/>
                </Field>
                <Field name = "PrprMctrType">
                  <Datatype datatype = "0" dataalias = "Text" datalength = "99" dataidentity = "no" dataautoinc = "no" datacurrency = "no" datarowversion = "no"/>
                </Field>
              </Fields>
              <RecordLayoutOptions>
                <Option name = "uniquenameprefix" value = "FIELD1"/>
              </RecordLayoutOptions>
            </RecordLayout>
          </RecordLayouts>
        </Schema>
      </MapSchema>
      <RecordLayoutEvents recordlayoutname = "R1">
        <Event name = "AfterEveryRecord">
          <Action name = "ClearMapPut Record">
            <Parameter position = "0" name = "target name"><![CDATA[Target]]></Parameter>
            <Parameter position = "1" name = "record layout"><![CDATA[R1]]></Parameter>
          </Action>
        </Event>
      </RecordLayoutEvents>
    </MapSource>
  </MapSources>
  <MapTargets>
    <MapTarget name = "MapTarget1">
      <MapSchema>
        <Schema connectorname = "SQL Server 2005 Mass Insert" designedfor = "Target">
          <RecordLayouts>
            <RecordLayout name = "R1" length = "1577" status = "0">
              <Origin origintype = "0"/>
              <Fields>
                <Field name = "ProvID">
                  <Datatype datatype = "151" dataalias = "varchar" datalength = "25" dataidentity = "no" dataautoinc = "no" datacurrency = "no" datarowversion = "no" datanulls = "yes" datavariablelength = "no"/>
                </Field>
                <Field name = "ProvName">
                  <Datatype datatype = "151" dataalias = "varchar" datalength = "55" dataidentity = "no" dataautoinc = "no" datacurrency = "no" datarowversion = "no" datanulls = "yes" datavariablelength = "no"/>
                </Field>
                <Field name = "ProvAddr1">
                  <Datatype datatype = "151" dataalias = "varchar" datalength = "40" dataidentity = "no" dataautoinc = "no" datacurrency = "no" datarowversion = "no" datanulls = "yes" datavariablelength = "no"/>
                </Field>
                <Field name = "ProvAddr2">
                  <Datatype datatype = "151" dataalias = "varchar" datalength = "40" dataidentity = "no" dataautoinc = "no" datacurrency = "no" datarowversion = "no" datanulls = "yes" datavariablelength = "no"/>
                </Field>
                <Field name = "ProvAddr3">
                  <Datatype datatype = "151" dataalias = "varchar" datalength = "40" dataidentity = "no" dataautoinc = "no" datacurrency = "no" datarowversion = "no" datanulls = "yes" datavariablelength = "no"/>
                </Field>
                <Field name = "ProvZIP">
                  <Datatype datatype = "151" dataalias = "varchar" datalength = "16" dataidentity = "no" dataautoinc = "no" datacurrency = "no" datarowversion = "no" datanulls = "yes" datavariablelength = "no"/>
                </Field>
                <Field name = "City">
                  <Datatype datatype = "151" dataalias = "varchar" datalength = "25" dataidentity = "no" dataautoinc = "no" datacurrency = "no" datarowversion = "no" datanulls = "yes" datavariablelength = "no"/>
                </Field>
                <Field name = "State">
                  <Datatype datatype = "151" dataalias = "varchar" datalength = "16" dataidentity = "no" dataautoinc = "no" datacurrency = "no" datarowversion = "no" datanulls = "yes" datavariablelength = "no"/>
                </Field>
                <Field name = "Specialty">
                  <Datatype datatype = "151" dataalias = "varchar" datalength = "16" dataidentity = "no" dataautoinc = "no" datacurrency = "no" datarowversion = "no" datanulls = "yes" datavariablelength = "no"/>
                </Field>
                <Field name = "TaxID">
                  <Datatype datatype = "151" dataalias = "varchar" datalength = "16" dataidentity = "no" dataautoinc = "no" datacurrency = "no" datarowversion = "no" datanulls = "yes" datavariablelength = "no"/>
                </Field>
                <Field name = "MedicaidNum">
                  <Datatype datatype = "151" dataalias = "varchar" datalength = "20" dataidentity = "no" dataautoinc = "no" datacurrency = "no" datarowversion = "no" datanulls = "yes" datavariablelength = "no"/>
                </Field>
                <Field name = "GroupID">
                  <Datatype datatype = "151" dataalias = "varchar" datalength = "20" dataidentity = "no" dataautoinc = "no" datacurrency = "no" datarowversion = "no" datanulls = "yes" datavariablelength = "no"/>
                </Field>
                <Field name = "LicenseNum">
                  <Datatype datatype = "151" dataalias = "varchar" datalength = "1000" dataidentity = "no" dataautoinc = "no" datacurrency = "no" datarowversion = "no" datanulls = "yes" datavariablelength = "no"/>
                </Field>
                <Field name = "NABP">
                  <Datatype datatype = "151" dataalias = "varchar" datalength = "16" dataidentity = "no" dataautoinc = "no" datacurrency = "no" datarowversion = "no" datanulls = "yes" datavariablelength = "no"/>
                </Field>
                <Field name = "NPI">
                  <Datatype datatype = "151" dataalias = "varchar" datalength = "16" dataidentity = "no" dataautoinc = "no" datacurrency = "no" datarowversion = "no" datanulls = "yes" datavariablelength = "no"/>
                </Field>
                <Field name = "PRPREntity">
                  <Datatype datatype = "151" dataalias = "varchar" datalength = "16" dataidentity = "no" dataautoinc = "no" datacurrency = "no" datarowversion = "no" datanulls = "yes" datavariablelength = "no"/>
                </Field>
                <Field name = "AddrSeq">
                  <Datatype datatype = "151" dataalias = "varchar" datalength = "16" dataidentity = "no" dataautoinc = "no" datacurrency = "no" datarowversion = "no" datanulls = "yes" datavariablelength = "no"/>
                </Field>
                <Field name = "Phone">
                  <Datatype datatype = "151" dataalias = "varchar" datalength = "16" dataidentity = "no" dataautoinc = "no" datacurrency = "no" datarowversion = "no" datanulls = "yes" datavariablelength = "no"/>
                </Field>
                <Field name = "Fax">
                  <Datatype datatype = "151" dataalias = "varchar" datalength = "19" dataidentity = "no" dataautoinc = "no" datacurrency = "no" datarowversion = "no" datanulls = "yes" datavariablelength = "no"/>
                </Field>
                <Field name = "AddrEffDat">
                  <Datatype datatype = "8" dataalias = "datetime" datalength = "8" dataidentity = "no" dataautoinc = "no" datacurrency = "no" datarowversion = "no" datanulls = "yes" dataprecision = "12"/>
                  <FieldOptions>
                    <Option name = "editpicture" value = "yyyy-mm-dd H24:MM:SS"/>
                  </FieldOptions>
                </Field>
                <Field name = "AddrTermDt">
                  <Datatype datatype = "8" dataalias = "datetime" datalength = "8" dataidentity = "no" dataautoinc = "no" datacurrency = "no" datarowversion = "no" datanulls = "yes" dataprecision = "12"/>
                  <FieldOptions>
                    <Option name = "editpicture" value = "yyyy-mm-dd H24:MM:SS"/>
                  </FieldOptions>
                </Field>
                <Field name = "LoadDate">
                  <Datatype datatype = "8" dataalias = "datetime" datalength = "8" dataidentity = "no" dataautoinc = "no" datacurrency = "no" datarowversion = "no" datanulls = "yes" dataprecision = "12"/>
                  <FieldOptions>
                    <Option name = "editpicture" value = "yyyy-mm-dd H24:MM:SS"/>
                  </FieldOptions>
                </Field>
                <Field name = "SFileName">
                  <Datatype datatype = "151" dataalias = "varchar" datalength = "100" dataidentity = "no" dataautoinc = "no" datacurrency = "no" datarowversion = "no" datanulls = "yes" datavariablelength = "no"/>
                </Field>
                <Field name = "StatsStratsPlaceholder">
                  <Datatype datatype = "2" dataalias = "int" datalength = "4" datamsbfirst = "no" dataidentity = "no" dataautoinc = "no" datacurrency = "no" datarowversion = "no" datanulls = "yes" dataprecision = "9" datasigned = "yes"/>
                </Field>
                <Field name = "AutoID">
                  <Datatype datatype = "2" dataalias = "int identity" datalength = "4" datamsbfirst = "no" dataidentity = "yes" dataautoinc = "no" datacurrency = "no" datarowversion = "no" dataprecision = "9" datasigned = "yes"/>
                </Field>
                <Field name = "SecondarySpecialty">
                  <Datatype datatype = "151" dataalias = "varchar" datalength = "5" dataidentity = "no" dataautoinc = "no" datacurrency = "no" datarowversion = "no" datanulls = "yes" datavariablelength = "no"/>
                </Field>
                <Field name = "PrcpID">
                  <Datatype datatype = "151" dataalias = "varchar" datalength = "7" dataidentity = "no" dataautoinc = "no" datacurrency = "no" datarowversion = "no" datanulls = "yes" datavariablelength = "no"/>
                </Field>
                <Field name = "PrprMctrType">
                  <Datatype datatype = "151" dataalias = "varchar" datalength = "5" dataidentity = "no" dataautoinc = "no" datacurrency = "no" datarowversion = "no" datanulls = "yes" datavariablelength = "no"/>
                </Field>
              </Fields>
              <RecordLayoutOptions>
                <Option name = "uniquenameprefix" value = "FIELD1"/>
              </RecordLayoutOptions>
            </RecordLayout>
          </RecordLayouts>
        </Schema>
        <MapExpressions>
          <MapExpression language = "DJScript" recordlayoutname = "R1" fieldname = "ProvID"><![CDATA[Token=Trim(Records("R1").Fields("ProvID"))
If Len(token)=0 Then
chr(032)
Else
	If Asc(Token) = 0 Then
		Chr(032)
	Else
		token
	End If
end if]]></MapExpression>
          <MapExpression language = "DJScript" recordlayoutname = "R1" fieldname = "ProvName"><![CDATA[Token=Trim(Records("R1").Fields("ProvName"))
If Len(token)=0 Then
chr(032)
Else
	If Asc(Token) = 0 Then
		Chr(032)
	Else
		token
	End If
end if]]></MapExpression>
          <MapExpression language = "DJScript" recordlayoutname = "R1" fieldname = "ProvAddr1"><![CDATA[Token=Trim(Records("R1").Fields("ProvAddr1"))
If Len(token)=0 Then
chr(032)
Else
	If Asc(Token) = 0 Then
		Chr(032)
	Else
		token
	End If
end if]]></MapExpression>
          <MapExpression language = "DJScript" recordlayoutname = "R1" fieldname = "ProvAddr2"><![CDATA[Token=Trim(Records("R1").Fields("ProvAddr2"))
If Len(token)=0 Then
chr(032)
Else
	If Asc(Token) = 0 Then
		Chr(032)
	Else
		token
	End If
end if]]></MapExpression>
          <MapExpression language = "DJScript" recordlayoutname = "R1" fieldname = "ProvAddr3"><![CDATA[Token=Trim(Records("R1").Fields("ProvAddr3"))
If Len(token)=0 Then
chr(032)
Else
	If Asc(Token) = 0 Then
		Chr(032)
	Else
		token
	End If
end if]]></MapExpression>
          <MapExpression language = "DJScript" recordlayoutname = "R1" fieldname = "ProvZIP"><![CDATA[Token=Trim(Records("R1").Fields("ProvZIP"))
If Len(token)=0 Then
chr(032)
Else
	If Asc(Token) = 0 Then
		Chr(032)
	Else
		token
	End If
end if]]></MapExpression>
          <MapExpression language = "DJScript" recordlayoutname = "R1" fieldname = "City"><![CDATA[Token=Trim(Records("R1").Fields("City"))
If Len(token)=0 Then
chr(032)
Else
	If Asc(Token) = 0 Then
		Chr(032)
	Else
		token
	End If
end if]]></MapExpression>
          <MapExpression language = "DJScript" recordlayoutname = "R1" fieldname = "State"><![CDATA[Token=Trim(Records("R1").Fields("State"))
If Len(token)=0 Then
chr(032)
Else
	If Asc(Token) = 0 Then
		Chr(032)
	Else
		token
	End If
end if]]></MapExpression>
          <MapExpression language = "DJScript" recordlayoutname = "R1" fieldname = "Specialty"><![CDATA[Token=Trim(Records("R1").Fields("Specialty"))
If Len(token)=0 Then
chr(032)
Else
	If Asc(Token) = 0 Then
		Chr(032)
	Else
		token
	End If
end if]]></MapExpression>
          <MapExpression language = "DJScript" recordlayoutname = "R1" fieldname = "TaxID"><![CDATA[Token=Trim(Records("R1").Fields("TaxID"))
If Len(token)=0 Then
chr(032)
Else
	If Asc(Token) = 0 Then
		Chr(032)
	Else
		token
	End If
end if]]></MapExpression>
          <MapExpression language = "DJScript" recordlayoutname = "R1" fieldname = "MedicaidNum"><![CDATA[
Token=Trim(Records("R1").Fields("MedicaidNum"))


'If Len(token)<>0 Then
'If InStr(0, Token, "/") <> "" then
'StartPos = InStr(0, Token, "/")-1
'	Token = Left(Token, StartPos)
'	Token
'	else
'	Token
'End if
'End IF
 

'If Len(token)=0 Then
'chr(032)
'Else
'	If Asc(Token) = 0 Then
'		Chr(032)
'	Else
'		token
'	End If
'end if
'

If Len(token)=0 Then
chr(032)
ElseIf Asc(Token) = 0 Then
		Chr(032)
		
ELSEIf CharCount("/", Token) > 0 then		
StartPos = InStr(0, Token, "/") 
	Token = Left(Token, StartPos)
	GSub("/", "", token)
Else

'There is one bad recond in the entire file that makes the map bomb I placed this exception to srcub the record clean.
'Not the best solution but its a patch to make the file work.

GSub("3008 W STOLLEY PK RD STE 3", "", token)
'token
end if

]]></MapExpression>
          <MapExpression language = "DJScript" recordlayoutname = "R1" fieldname = "GroupID"><![CDATA[Token=Trim(Records("R1").Fields("GroupID"))
If Len(token)=0 Then
chr(032)
Else
	If Asc(Token) = 0 Then
		Chr(032)
	Else
		token
	End If
end if]]></MapExpression>
          <MapExpression language = "DJScript" recordlayoutname = "R1" fieldname = "LicenseNum"><![CDATA[Token=Trim(Records("R1").Fields("LicenseNum"))
If Len(token)=0 Then
chr(032)
Else
	If Asc(Token) = 0 Then
		Chr(032)
	Else
		token
	End If
end if]]></MapExpression>
          <MapExpression language = "DJScript" recordlayoutname = "R1" fieldname = "NABP"><![CDATA[Token=Trim(Records("R1").Fields("NABP"))
If Len(token)=0 Then
chr(032)
Else
	If Asc(Token) = 0 Then
		Chr(032)
	Else
		token
	End If
end if]]></MapExpression>
          <MapExpression language = "DJScript" recordlayoutname = "R1" fieldname = "NPI"><![CDATA[Token=Trim(Records("R1").Fields("NPI"))
If Len(token)=0 Then
chr(032)
Else
	If Asc(Token) = 0 Then
		Chr(032)
	Else
		token
	End If
end if]]></MapExpression>
          <MapExpression language = "DJScript" recordlayoutname = "R1" fieldname = "PRPREntity"><![CDATA[Token=Trim(Records("R1").Fields("PRPREntity"))
If Len(token)=0 Then
chr(032)
Else
	If Asc(Token) = 0 Then
		Chr(032)
	Else
		token
	End If
end if]]></MapExpression>
          <MapExpression language = "DJScript" recordlayoutname = "R1" fieldname = "AddrSeq"><![CDATA[Token=Trim(Records("R1").Fields("AddrSeq"))
If Len(token)=0 Then
chr(032)
Else
	If Asc(Token) = 0 Then
		Chr(032)
	Else
		token
	End If
end if]]></MapExpression>
          <MapExpression language = "DJScript" recordlayoutname = "R1" fieldname = "Phone"><![CDATA[Token=Trim(Records("R1").Fields("Phone"))
If Len(token)=0 Then
chr(032)
Else
	If Asc(Token) = 0 Then
		Chr(032)
	Else
		token
	End If
end if]]></MapExpression>
          <MapExpression language = "DJScript" recordlayoutname = "R1" fieldname = "Fax"><![CDATA[Token=Trim(Records("R1").Fields("Fax"))
If Len(token)=0 Then
chr(032)
Else
	If Asc(Token) = 0 Then
		Chr(032)
	Else
		token
	End If
end if]]></MapExpression>
          <MapExpression language = "DJScript" recordlayoutname = "R1" fieldname = "AddrEffDat"><![CDATA[Token=DateValMask(Records("R1").Fields("AddrEffDat") ,"yyyymmdd")
T2=""
If IsDate(T2)Then
	DefDate=DateValue(T2)
Else
	'New standard: Smalldatetime default value is 1/1/1900
	DefDate=""
End If

If IsDate (Token) And Year(Token)>1899 And Year(Token)<2079 Then
	Token
else
	DefDate
end if]]></MapExpression>
          <MapExpression language = "DJScript" recordlayoutname = "R1" fieldname = "AddrTermDt"><![CDATA[Token=DateValMask(Records("R1").Fields("AddrTermDt") ,"yyyymmdd")
T2=""
If IsDate(T2)Then
	DefDate=DateValue(T2)
Else
	'New standard: Smalldatetime default value is 1/1/1900
	DefDate=""
End If

If IsDate (Token) And Year(Token)>1899 And Year(Token)<2079 Then
	Token
else
	DefDate
end if]]></MapExpression>
          <MapExpression language = "DJScript" recordlayoutname = "R1" fieldname = "LoadDate"><![CDATA[Now()]]></MapExpression>
          <MapExpression language = "DJScript" recordlayoutname = "R1" fieldname = "SFileName"><![CDATA[SFileName]]></MapExpression>
          <MapExpression language = "DJScript" recordlayoutname = "R1" fieldname = "StatsStratsPlaceholder"><![CDATA[0]]></MapExpression>
          <MapExpression language = "DJScript" recordlayoutname = "R1" fieldname = "AutoID"><![CDATA[1]]></MapExpression>
          <MapExpression language = "DJScript" recordlayoutname = "R1" fieldname = "SecondarySpecialty"><![CDATA[Token=Trim(Records("R1").Fields("SecondarySpecialty"))
If Len(token)=0 Then
chr(032)
Else
	If Asc(Token) = 0 Then
		Chr(032)
	Else
		token
	End If
end if]]></MapExpression>
          <MapExpression language = "DJScript" recordlayoutname = "R1" fieldname = "PrcpID"><![CDATA[Token=Trim(Records("R1").Fields("PrcpID"))
If Len(token)=0 Then
chr(032)
Else
	If Asc(Token) = 0 Then
		Chr(032)
	Else
		token
	End If
end if]]></MapExpression>
          <MapExpression language = "DJScript" recordlayoutname = "R1" fieldname = "PrprMctrType"><![CDATA[Token=Trim(Records("R1").Fields("PrprMctrType"))
If Len(token)=0 Then
chr(032)
Else
	If Asc(Token) = 0 Then
		Chr(032)
	Else
		token
	End If
end if]]></MapExpression>
        </MapExpressions>
      </MapSchema>
      <TargetEvents>
        <Event name = "BeforePutRecord">
          <Action name = "Execute">
            <Parameter position = "0" name = "expression"><![CDATA[If Mid(Records("R1").Fields("ProvID"), 1, 23) == "THIS FILE IS CREATED ON" Then
	vRecordsInFile = Records("R1").Fields("ProvName") 
	Discard()
End If]]></Parameter>
          </Action>
        </Event>
      </TargetEvents>
    </MapTarget>
  </MapTargets>
</Map>